{"x": 0.4578, "y": 0.13020000000000015, "z": -4.1930000000000005}