{"x": 0.34090000000000004, "y": -2.1602, "z": 0.6831999999999997}