{"min": [-2214.1499999999996, -2324.64, -1043.71], "max": [3398.22, 2884.6299999999997, -24.65]}